Site_Name,Distance_m,Dilution_Factor_Median,Dilution_Factor_Min,Dilution_Factor_Max,Dilution_Method,Pathogen_Method,Effluent_Conc_Input,Infection_Risk_Median,Infection_Risk_5th,Infection_Risk_95th,Illness_Risk_Median,Annual_Risk_Median,Annual_Risk_5th,Annual_Risk_95th,Population_Impact,Compliance_Status
Discharge,0,1.0567987125,0.560786327,2.807770404,Median,Fixed,771.5,0.019922072866391305,0.009925543213661726,0.03593450567572006,0.013945451006473913,0.39533447489131746,0.22071484320820356,0.5994437859809715,5930.017123369762,NON-COMPLIANT
Site_50m,50,7.300553158,4.064831734,14.14788486,Median,Fixed,771.5,0.0036105774575252436,0.0016059363903059565,0.007812757692082404,0.0025274042202676704,0.08645969544171328,0.03938414272490198,0.17805839743288665,1296.8954316256993,NON-COMPLIANT
Site_100m,100,14.504667835,7.090853774,25.86356277,Median,Fixed,771.5,0.0018597109636300235,0.0008166938437522087,0.004131086345134559,0.0013017976745410163,0.04546985976342821,0.020218496704123123,0.09831592650826193,682.0478964514232,NON-COMPLIANT
Site_250m,250,42.86903179,20.96461649,102.0451015,Median,Fixed,771.5,0.0006393557958525031,0.00027827330922773895,0.001448066184912877,0.0004475490570967522,0.015861861150440415,0.006933651405816366,0.03557951445558405,237.92791725660624,NON-COMPLIANT
Site_500m,500,127.5927705,62.13242375,308.2506034,Median,Fixed,771.5,0.0002160008784699019,9.371995811137123e-05,0.0004926363137807698,0.00015120061492893133,0.00538604819937083,0.002340365815964196,0.012243374923487038,80.79072299056244,NON-COMPLIANT
Site_1000m,1000,395.9987668,187.7318597,827.3862422,Median,Fixed,771.5,6.97291171974368e-05,3.0221981107775298e-05,0.0001594200738664619,4.881038203820575e-05,0.0017417700644768441,0.00075527558073063,0.003977886729244151,26.12655096715266,NON-COMPLIANT
