Site_Name,Distance_m,Dilution_Factor_Median,Dilution_Factor_Min,Dilution_Factor_Max,Dilution_Method,Pathogen_Method,Effluent_Conc_Input,Infection_Risk_Median,Infection_Risk_5th,Infection_Risk_95th,Illness_Risk_Median,Annual_Risk_Median,Annual_Risk_5th,Annual_Risk_95th,Population_Impact,Compliance_Status
Discharge,0,1.0567987125,0.560786327,2.807770404,ECDF,Hockey_Stick,771.5,0.013422331308586444,0.005968138553184843,0.025003702256664373,0.00939563191601051,0.2866839053297363,0.13899113354136172,0.4690248882922541,4300.258579946045,NON-COMPLIANT
Site_50m,50,7.300553158,4.064831734,14.14788486,ECDF,Hockey_Stick,771.5,0.0022418680427890303,0.0009472607352475626,0.00458121788024532,0.001569307629952321,0.054564508219220764,0.023414272319793095,0.1084498550973465,818.4676232883114,NON-COMPLIANT
Site_100m,100,14.504667835,7.090853774,25.86356277,ECDF,Hockey_Stick,771.5,0.0012045210343325508,0.0005033338250314268,0.0025770256978339123,0.0008431647240327855,0.029681757577709966,0.01250763462302773,0.06247213471476576,445.2263636656495,NON-COMPLIANT
Site_250m,250,42.86903179,20.96461649,102.0451015,ECDF,Hockey_Stick,771.5,0.00038981426057055346,0.00015919198124444978,0.0008518162774548699,0.0002728699823993874,0.009699905914184792,0.003972206175716697,0.02107914457042903,145.4985887127719,NON-COMPLIANT
Site_500m,500,127.5927705,62.13242375,308.2506034,ECDF,Hockey_Stick,771.5,0.00012713939550590414,5.0688083410715956e-05,0.00027816534020905226,8.899757685413289e-05,0.0031736402833885125,0.0012664316001772535,0.006930970146242554,47.604604250827684,NON-COMPLIANT
Site_1000m,1000,395.9987668,187.7318597,827.3862422,ECDF,Hockey_Stick,771.5,4.237636229842412e-05,1.739353713453573e-05,9.0848984742542e-05,2.966345360889688e-05,0.0010588705056198133,0.00043474767992635055,0.00226875028089224,15.8830575842972,NON-COMPLIANT
