Site_Name,Distance_m,Dilution_Factor_Median,Dilution_Factor_Min,Dilution_Factor_Max,Dilution_Method,Pathogen_Method,Effluent_Conc_Input,Infection_Risk_Median,Infection_Risk_5th,Infection_Risk_95th,Illness_Risk_Median,Annual_Risk_Median,Annual_Risk_5th,Annual_Risk_95th,Population_Impact,Compliance_Status
Discharge,0,1.15,0.82,1.45,ECDF,Hockey_Stick,1026,0.015468982751598026,0.006559375529341188,0.027184420554351885,0.010828287926118618,0.3227717375746716,0.1517030853627973,0.4979315535541293,4841.576063620074,NON-COMPLIANT
Site_50m,50,6.83,4.13,13.53,ECDF,Hockey_Stick,1026,0.002921746336841502,0.001036795923696071,0.006459607325814826,0.0020452224357890513,0.07053913338100914,0.02559996315107882,0.1495707201014359,1058.0870007151373,NON-COMPLIANT
Site_100m,100,13.8,7.2,25.86,ECDF,Hockey_Stick,1026,0.001554741958439576,0.0005418699371596281,0.0037876548523434195,0.0010883193709077031,0.03815195252230863,0.013459026374848526,0.09050988940851756,572.2792878346295,NON-COMPLIANT
Site_250m,250,39.275,31.73,81.45,ECDF,Hockey_Stick,1026,0.000499358794531557,0.0001748451250645766,0.0010614020346384756,0.00034955115617208983,0.01240944771199426,0.004361969163338197,0.02619981281947792,186.1417156799139,NON-COMPLIANT
