Site_Name,Distance_m,Dilution_Factor_Median,Dilution_Factor_Min,Dilution_Factor_Max,Dilution_Method,Pathogen_Method,Effluent_Conc_Input,Infection_Risk_Median,Infection_Risk_5th,Infection_Risk_95th,Illness_Risk_Median,Annual_Risk_Median,Annual_Risk_5th,Annual_Risk_95th,Population_Impact,Compliance_Status
Discharge,0,1.15,0.82,1.45,ECDF,Hockey_Stick,500,0.012473950891401464,0.005231770959979759,0.02247432639106861,0.008731765623981024,0.13983310492984058,0.061005873775314745,0.23873113211904784,699.1655246492029,NON-COMPLIANT
Site_50m,50,6.83,4.13,13.53,ECDF,Hockey_Stick,500,0.002281734454412654,0.0008151462889682548,0.0050793970924320475,0.0015972141180888577,0.02703979695732428,0.009738019819861665,0.05927845109912411,135.1989847866214,NON-COMPLIANT
Site_100m,100,13.8,7.2,25.86,ECDF,Hockey_Stick,500,0.0012098940224791743,0.0004244614961422255,0.002951939885057292,0.000846925815735422,0.014422503178106338,0.005081663702898864,0.034853779643053695,72.1125158905317,NON-COMPLIANT
Site_250m,250,39.275,31.73,81.45,ECDF,Hockey_Stick,500,0.0003874977555800574,0.0001370701701221,0.0008213169810473153,0.00027124842890604016,0.0046400756587061665,0.001643602584576409,0.009811404369475363,23.200378293530832,NON-COMPLIANT
