Site_Name,Distance_m,Dilution_Factor_Median,Dilution_Factor_Min,Dilution_Factor_Max,Dilution_Method,Pathogen_Method,Effluent_Conc_Input,Infection_Risk_Median,Infection_Risk_5th,Infection_Risk_95th,Illness_Risk_Median,Annual_Risk_Median,Annual_Risk_5th,Annual_Risk_95th,Population_Impact,Compliance_Status
Discharge,0,1.15,0.82,1.45,ECDF,Hockey_Stick,2000,0.018237919580913642,0.008828926265082887,0.030645955949530013,0.012766543706639549,0.13692203048508078,0.06848692948504642,0.22042229229474886,273.84406097016154,NON-COMPLIANT
Site_50m,50,6.83,4.13,13.53,ECDF,Hockey_Stick,2000,0.0035789782616817978,0.0014099764327528685,0.007562491312515018,0.0025052847831772583,0.028275727482598323,0.011224303219034337,0.05892256770238291,56.55145496519665,NON-COMPLIANT
Site_100m,100,13.8,7.2,25.86,ECDF,Hockey_Stick,2000,0.0019105400451610022,0.0007397054711679729,0.004444124855051773,0.0013373780316127013,0.015182505390510026,0.005902345816703902,0.035004880015101714,30.365010781020054,NON-COMPLIANT
Site_250m,250,39.275,31.73,81.45,ECDF,Hockey_Stick,2000,0.000617360498685382,0.00023744315276985617,0.00125386674964037,0.00043215234907976736,0.0049282254043664375,0.0018979673525786334,0.009987023126314276,9.856450808732875,NON-COMPLIANT
