Site_Name,Distance_m,Dilution_Factor,Effluent_Conc,Post_Treatment_Conc,Receiving_Water_Conc,Infection_Risk_Median,Infection_Risk_5th,Infection_Risk_95th,Illness_Risk_Median,Annual_Risk_Median,Annual_Risk_5th,Annual_Risk_95th,Population_Impact,Compliance_Status
Discharge,0,1.0567987125,1000000.0,2511.886431509582,2376.8825622122263,0.2637847013562722,0.23390347258645566,0.2907561761286389,0.18464929094939053,0.9995267169505462,0.9987203613200245,0.9998138388445263,14992,NON-COMPLIANT
Site_1000m,1000,395.9987668,1000000.0,2511.886431509582,6.3431673078371364,0.07290612099041593,0.044035015668569225,0.10344851254872728,0.051034284693291146,0.8493070810211092,0.6756233151097475,0.9347799863053323,12739,NON-COMPLIANT
Site_100m,100,14.504667835,1000000.0,2511.886431509582,173.1777976637534,0.18266301896930964,0.14983441860982497,0.21249180938952283,0.12786411327851674,0.9935430304735634,0.9827182394498047,0.9974509580303436,14903,NON-COMPLIANT
Site_250m,250,42.86903179,1000000.0,2511.886431509582,58.594428813191115,0.14688297720050358,0.11335131130291135,0.17776845164974095,0.1028180840403525,0.9811541730854535,0.9505928939552796,0.9925035886874121,14717,NON-COMPLIANT
Site_500m,500,127.5927705,1000000.0,2511.886431509582,19.68674574324399,0.11014214775450132,0.07725777893917325,0.141607431322522,0.07709950342815092,0.9459225842055761,0.8660292994749809,0.9780138731358919,14188,NON-COMPLIANT
Site_50m,50,7.300553158,1000000.0,2511.886431509582,344.0679599404106,0.20470020648112808,0.1725777580372556,0.23378437147494746,0.14329014453678965,0.9967395935352314,0.991226360415414,0.9987153786026032,14951,NON-COMPLIANT
