Site_Name,Distance_m,Dilution_Factor,Effluent_Conc,Post_Treatment_Conc,Receiving_Water_Conc,Infection_Risk_Median,Infection_Risk_5th,Infection_Risk_95th,Illness_Risk_Median,Annual_Risk_Median,Annual_Risk_5th,Annual_Risk_95th,Population_Impact,Compliance_Status
Discharge,0,1.0567987125,1000000.0,1000.0,946.2539915802556,0.2361488209716806,0.20652435342520958,0.26277711025714107,0.1653041746801764,0.9988108987575852,0.9969214936900769,0.9995102547022177,14982,NON-COMPLIANT
Site_1000m,1000,395.9987668,1000000.0,1000.0,2.525260389270485,0.04595361280639132,0.024605717785338644,0.07183088939794556,0.03216752896447392,0.6915127052556969,0.46357978530767385,0.8448764353918977,10372,NON-COMPLIANT
Site_100m,100,14.504667835,1000000.0,1000.0,68.94332303060285,0.15228770365568967,0.12023498748791547,0.18155122031337947,0.10660139255898277,0.983922738719766,0.959340019825383,0.9933198281113926,14758,NON-COMPLIANT
Site_250m,250,42.86903179,1000000.0,1000.0,23.326862265017812,0.11582920461125745,0.08406843980327912,0.14573723375123462,0.08108044322788022,0.9539314921169053,0.8886793857578272,0.9805111172735839,14308,NON-COMPLIANT
Site_500m,500,127.5927705,1000000.0,1000.0,7.8374346452489645,0.07961459473317695,0.05080416761258517,0.10899070413582931,0.05573021631322386,0.8743266812332537,0.7284213857272153,0.9441457948361198,13114,NON-COMPLIANT
Site_50m,50,7.300553158,1000000.0,1000.0,136.9759220099908,0.17498532124900773,0.14336657443083958,0.20361484132680258,0.1224897248743054,0.9918427853423614,0.9791130315151212,0.9966265137104993,14877,NON-COMPLIANT
